{
    "counter": {
        "ACTIVE": 302,
        "INACTIVE": 1,
        "INVALID": 0,
        "MALICIOUS": 0,
        "SANE": 0,
        "VALID": 0,
        "total": 303
    },
    "percentage": {
        "ACTIVE": 99.66996699669967,
        "INACTIVE": 0.6535947712418301,
        "INVALID": 0,
        "MALICIOUS": 0,
        "SANE": 0,
        "VALID": 0,
        "total": 100.3235617679415
    }
}