{
    "counter": {
        "ACTIVE": 283,
        "INACTIVE": 2,
        "INVALID": 0,
        "MALICIOUS": 0,
        "SANE": 0,
        "VALID": 0,
        "total": 285
    },
    "percentage": {
        "ACTIVE": 99.64788732394366,
        "INACTIVE": 0.7017543859649122,
        "INVALID": 0,
        "MALICIOUS": 0,
        "SANE": 0,
        "VALID": 0,
        "total": 100.34964170990858
    }
}