{
    "counter": {
        "ACTIVE": 345,
        "INACTIVE": 1,
        "INVALID": 0,
        "MALICIOUS": 0,
        "SANE": 0,
        "VALID": 0,
        "total": 346
    },
    "percentage": {
        "ACTIVE": 99.71098265895954,
        "INACTIVE": 0.6410256410256411,
        "INVALID": 0,
        "MALICIOUS": 0,
        "SANE": 0,
        "VALID": 0,
        "total": 100.35200829998517
    }
}