{
    "counter": {
        "ACTIVE": 403,
        "INACTIVE": 1,
        "INVALID": 0,
        "MALICIOUS": 0,
        "SANE": 0,
        "VALID": 0,
        "total": 404
    },
    "percentage": {
        "ACTIVE": 99.75247524752476,
        "INACTIVE": 0.41841004184100417,
        "INVALID": 0,
        "MALICIOUS": 0,
        "SANE": 0,
        "VALID": 0,
        "total": 100.17088528936576
    }
}