{
    "counter": {
        "ACTIVE": 576,
        "INACTIVE": 1,
        "INVALID": 0,
        "MALICIOUS": 0,
        "SANE": 0,
        "VALID": 0,
        "total": 577
    },
    "percentage": {
        "ACTIVE": 99.8266897746967,
        "INACTIVE": 0.42735042735042733,
        "INVALID": 0,
        "MALICIOUS": 0,
        "SANE": 0,
        "VALID": 0,
        "total": 100.25404020204714
    }
}