{
    "counter": {
        "ACTIVE": 346,
        "INACTIVE": 3,
        "INVALID": 0,
        "MALICIOUS": 0,
        "SANE": 0,
        "VALID": 0,
        "total": 349
    },
    "percentage": {
        "ACTIVE": 99.14040114613181,
        "INACTIVE": 0.8823529411764706,
        "INVALID": 0,
        "MALICIOUS": 0,
        "SANE": 0,
        "VALID": 0,
        "total": 100.02275408730827
    }
}