{
    "counter": {
        "ACTIVE": 349,
        "INACTIVE": 2,
        "INVALID": 0,
        "MALICIOUS": 0,
        "SANE": 0,
        "VALID": 0,
        "total": 351
    },
    "percentage": {
        "ACTIVE": 99.43019943019944,
        "INACTIVE": 0.5899705014749262,
        "INVALID": 0,
        "MALICIOUS": 0,
        "SANE": 0,
        "VALID": 0,
        "total": 100.02016993167436
    }
}