{
    "counter": {
        "1API GmbH": 4,
        "Alibaba Cloud Computing Ltd. d/b/a HiChina (www.net.cn)": 2,
        "Cloudflare, Inc.": 4,
        "DOMAINER-RU": 2,
        "Dominet (HK) Limited": 2,
        "Dynadot Inc": 2,
        "Gransy s.r.o.": 2,
        "HOSTINGER operations, UAB": 2,
        "Key-Systems LLC": 2,
        "Name.com, Inc": 2,
        "Name.com, Inc.": 2,
        "NameCheap, Inc.": 6,
        "NameSilo, LLC": 2,
        "OVH": 2,
        "REG-INTERNET-CZ": 2,
        "Realtime Register B.V.": 2,
        "humbly, LLC": 2,
        "total": 44,
        "united-domains AG": 2
    },
    "percentage": {
        "1API GmbH": 9.090909090909092,
        "Alibaba Cloud Computing Ltd. d/b/a HiChina (www.net.cn)": 4.545454545454546,
        "Cloudflare, Inc.": 9.090909090909092,
        "DOMAINER-RU": 4.545454545454546,
        "Dominet (HK) Limited": 4.545454545454546,
        "Dynadot Inc": 4.545454545454546,
        "Gransy s.r.o.": 4.545454545454546,
        "HOSTINGER operations, UAB": 4.545454545454546,
        "Key-Systems LLC": 4.545454545454546,
        "Name.com, Inc": 4.545454545454546,
        "Name.com, Inc.": 4.545454545454546,
        "NameCheap, Inc.": 13.636363636363637,
        "NameSilo, LLC": 4.545454545454546,
        "OVH": 4.545454545454546,
        "REG-INTERNET-CZ": 4.545454545454546,
        "Realtime Register B.V.": 4.545454545454546,
        "humbly, LLC": 4.545454545454546,
        "total": 100.00000000000001,
        "united-domains AG": 4.545454545454546
    }
}